encode_speed,decode_speed,itt,final_ttft,accept_rate

3.62518,1.72739,0.574488,1.00025,0.701681
6.56163,1.32037,0.755284,1.07221,0.392491
5.55829,1.23942,0.800508,1.69948,0.403727
9.11775,1.14592,0.867853,1.33397,0.636792
11.9402,1.04323,0.949229,1.61982,0.563319
10.734,0.970321,1.07325,1.0424,0.162162
10.8068,0.926765,1.12563,1.03643,0.15
10.81,0.721329,1.44671,1.35635,0.24
10.9396,0.913955,1.14312,1.02198,0.162162
11.9147,1.20559,0.842244,1.04583,0.24
